year,compulsory,turnout,invalid
2017,0,81.93000000000001,.45
2012,0,74.56,.4
2010,0,75.40000000000001,.28
2006,0,80.34999999999999,.2
2003,0,80.04000000000001,.1
2002,0,79.06,1.5
1998,0,73.23,1.7
1994,0,78.75,.5
1989,0,80.27,.3
1986,0,85.76000000000001,.3
1982,0,80.98,.4
1981,0,87.03,.5
1977,0,88,.6
1972,0,83.5,.7
1971,0,79.08,.7
1967,1,94.95,2.8
1963,1,95.13,2.5
1959,1,95.56999999999999,2.3
1956,1,95.5,2.1
1952,1,94.98,3
1948,1,93.67,3.1
1946,1,93.12000000000001,3.1
